Title,Rating,Price,Link
"Sharm El-Sheikh: Ultimate ATV Quad, Stargazing & BBQ Dinner",4.8,"From
E£2,001
From
E£1,000
per person",https://www.getyourguide.com/sharm-el-sheikh-l408/sharm-el-sheikh-ultimate-atv-quad-stargazing-bbq-dinner-t437576/?ranking_uuid=9a2fff25-ac91-480d-89b0-906e2bbe08b2
Hurghada: Desert Quad Bike Camel Ride with Optional GoPro,4.5,"From
E£886
From
E£443
per person",https://www.getyourguide.com/hurghada-l403/hurghada-desert-quad-bike-camel-ride-with-optional-gopro-t12012/?ranking_uuid=9a2fff25-ac91-480d-89b0-906e2bbe08b2
Giza Sunrise Pyramid Guided Tour With Camel Ride & Breakfast,4.8,"From
E£2,046
From
E£1,023
per person",https://www.getyourguide.com/cairo-l92/giza-sunrise-pyramids-and-sphinx-tour-with-camel-ride-t761664/?ranking_uuid=9a2fff25-ac91-480d-89b0-906e2bbe08b2
"Hurghada: VIP Quad, Sea, Camel, Safari, Stargazing & Dinner",4.3,"From
E£545
From
E£327
per person",https://www.getyourguide.com/hurghada-l403/hurghada-vip-quad-camel-bedouin-safari-with-sea-adventure-t558720/?ranking_uuid=9a2fff25-ac91-480d-89b0-906e2bbe08b2
"Hurghada: Sunset Quad Bike, Camel w/ Opt Stargazing and BBQ",4.4,"From
E£852
From
E£511
per person",https://www.getyourguide.com/hurghada-l403/sunset-desert-safari-trip-by-quad-runner-from-hurghada-t12115/?ranking_uuid=9a2fff25-ac91-480d-89b0-906e2bbe08b2
Hurghada: Star Stargazing Desert Adventure by Jeep & Dinner,4.8,"From
E£2,115
per person",https://www.getyourguide.com/hurghada-l403/hurghada-stargazing-and-farm-tour-with-dinner-and-transfers-t633602/?ranking_uuid=9a2fff25-ac91-480d-89b0-906e2bbe08b2
Sharm ElSheikh: ATV Quad & Buggy Adventure Sunrise or Sunset,4.7,"From
E£1,143
From
E£720
per person",https://www.getyourguide.com/sharm-el-sheikh-l408/sharm-elsheikh-atv-quad-buggy-adventure-sunrise-or-sunset-t596633/?ranking_uuid=9a2fff25-ac91-480d-89b0-906e2bbe08b2
Hurghada: Desert Quad Bike and Buggy Adventure with Transfer,4.2,"From
E£1,315
per person",https://www.getyourguide.com/hurghada-l403/hurghada-desert-quad-bike-and-buggy-adventure-with-transfer-t22274/?ranking_uuid=9a2fff25-ac91-480d-89b0-906e2bbe08b2
Pyramids of Giza: 1-Hour Quad Bike Desert Safari,4.4,"From
E£1,580
From
E£1,264
per person",https://www.getyourguide.com/pyramids-of-giza-l4184/cairo-desert-safari-by-quad-bike-around-giza-pyramids-t53146/?ranking_uuid=9a2fff25-ac91-480d-89b0-906e2bbe08b2
"Hurghada: Quad Bike, Buggy, and Camel Ride & Bedouin Village",4.8,"From
E£1,543
per person",https://www.getyourguide.com/hurghada-l403/hurghada-quad-bike-buggy-and-camel-ride-with-bedouin--t637140/?ranking_uuid=9a2fff25-ac91-480d-89b0-906e2bbe08b2
Hurghada: Quad Bike Tour of the Desert and Red Sea,4.5,"From
E£818
From
E£491
per person",https://www.getyourguide.com/hurghada-l403/hurghada-sunset-2h-quad-bike-sea-desert-t539481/?ranking_uuid=9a2fff25-ac91-480d-89b0-906e2bbe08b2
"From Cairo: Desert Safari, Camel Ride, Magic Lake, & Lunch",4.9,"From
E£6,847
From
E£6,162
per person",https://www.getyourguide.com/cairo-l92/from-cairo-desert-safari-camel-ride-magic-lake-lunch-t362905/?ranking_uuid=9a2fff25-ac91-480d-89b0-906e2bbe08b2
Cairo: 2-Day Bahariya Oasis Camp and Desert Tour,4.9,"From
E£10,481
per person",https://www.getyourguide.com/cairo-l92/cairo-2-day-bahariya-oasis-camp-and-desert-tour-t215748/?ranking_uuid=9a2fff25-ac91-480d-89b0-906e2bbe08b2
"Cairo: Pyramids, Camel Ride, Shopping Tour with ATV Option",5,"From
E£1,158
From
E£927
per person",https://www.getyourguide.com/cairo-l92/cairo-pyramids-camel-ride-shopping-tour-with-atv-option-t473806/?ranking_uuid=9a2fff25-ac91-480d-89b0-906e2bbe08b2
Cairo: Bahariya Oasis & White Desert A Private Day Adventure,4.6,"From
E£9,375
per person",https://www.getyourguide.com/cairo-l92/cairo-desert-and-bahariya-oasis-day-trip-with-lunch-t306018/?ranking_uuid=9a2fff25-ac91-480d-89b0-906e2bbe08b2
"Hurghada: Jeep Safari with Camel Ride, Dinner and Show",4.5,"From
E£1,543
per person",https://www.getyourguide.com/hurghada-l403/hurghada-jeep-safari-with-camel-ride-dinner-and-show-t656698/?ranking_uuid=9a2fff25-ac91-480d-89b0-906e2bbe08b2
From Hurghada: Makadi Bay ATV Tour,4.8,"From
E£1,142
per person",https://www.getyourguide.com/makadi-bay-l4675/from-hurghada-makadi-bay-atv-tour-t410749/?ranking_uuid=2000c7df-1907-4ca2-b4c7-5d882eddf164
Hurghada: Quad and Buggy Safari with Dinner and Show,4.7,"From
E£1,315
per person",https://www.getyourguide.com/hurghada-l403/hurghada-quad-and-buggy-safari-with-dinner-and-show-t637454/?ranking_uuid=2000c7df-1907-4ca2-b4c7-5d882eddf164
"Hurghada: Sea & Desert Camel Ride w/Dinner, Show, Stargazing",4.3,"From
E£2,046
From
E£1,023
per person",https://www.getyourguide.com/hurghada-l403/camel-ride-hurghada-tour-t223572/?ranking_uuid=2000c7df-1907-4ca2-b4c7-5d882eddf164
"Hurghada: ATV Tour with Camel Ride, Dinner Show & Stargazing",4.2,"From
E£1,910
From
E£1,146
per person",https://www.getyourguide.com/hurghada-l403/fast-ride-quad-tour-in-hurghada-desert-t429914/?ranking_uuid=2000c7df-1907-4ca2-b4c7-5d882eddf164
"Sharm El Sheikh: Quad bike, Safari, Camel With Dinner & Show",3.8,"From
E£1,023
From
E£869
per person",https://www.getyourguide.com/sharm-el-sheikh-l408/sharm-el-sheikh-quad-bike-safari-camel-with-dinner-show-t572018/?ranking_uuid=2000c7df-1907-4ca2-b4c7-5d882eddf164
"Hurghada: Safari Jeep, Quad, Buggy, Camel Ride & BBQ Dinner",4.2,"From
E£2,014
From
E£1,652
per person",https://www.getyourguide.com/hurghada-l403/hurghada-5-in-1-safari-jeepquadbuggycameldinner-show-t473778/?ranking_uuid=2000c7df-1907-4ca2-b4c7-5d882eddf164
Sharm El-Sheikh: Desert Buggy Safari Adventure,4.8,"From
E£1,429
From
E£714
per person",https://www.getyourguide.com/sharm-el-sheikh-l408/sharm-el-sheikh-desert-buggy-safari-adventure-t515712/?ranking_uuid=2000c7df-1907-4ca2-b4c7-5d882eddf164
Makadi Bay: Sunset Quad & ATV Adventure & Seaview,4.3,"From
E£818
From
E£491
per person",https://www.getyourguide.com/makadi-bay-l4675/makadi-bay-sunset-quad-atv-adventure-seaview-t529164/?ranking_uuid=2000c7df-1907-4ca2-b4c7-5d882eddf164
Hurghada: Arabian Desert and Sea Horseback Adventure,4.6,"From
E£1,159
From
E£579
per person",https://www.getyourguide.com/hurghada-l403/hurghada-arabian-desert-and-sea-horseback-adventure-t521018/?ranking_uuid=2000c7df-1907-4ca2-b4c7-5d882eddf164
Cairo: 2-Day Bahariya & White Desert Private Camp Adventure,4.7,"From
E£10,428
per person",https://www.getyourguide.com/cairo-l92/cairo-2-day-bahariya-white-desert-private-camp-adventure-t444057/?ranking_uuid=2000c7df-1907-4ca2-b4c7-5d882eddf164
Sharm El-Sheikh: Morning Desert ATV Quad & Buggy Adventure,5,"From
E£1,143
From
E£571
per person",https://www.getyourguide.com/sharm-el-sheikh-l408/sharm-el-sheikh-morning-desert-atv-quad-buggy-adventure-t437602/?ranking_uuid=2000c7df-1907-4ca2-b4c7-5d882eddf164
Cairo: Pyramids Quad Bike Adventure & Optional Camel Ride,4.5,"From
E£2,896
per person",https://www.getyourguide.com/cairo-l92/cairo-quad-camel-ride-combo-tour-around-the-pyramids-t303558/?ranking_uuid=2000c7df-1907-4ca2-b4c7-5d882eddf164
Luxor: Quad Bike Safari Experience,4.4,"From
E£2,633
per person",https://www.getyourguide.com/luxor-l109/luxor-private-quad-bike-safari-experience-t409115/?ranking_uuid=2000c7df-1907-4ca2-b4c7-5d882eddf164
Sharm El Shiekh: Beach and City Desert Horse Riding Tour,4.6,"From
E£4,092
per person",https://www.getyourguide.com/sharm-el-sheikh-l408/sharm-el-shiekh-beach-and-city-desert-horse-riding-tour-t434016/?ranking_uuid=2000c7df-1907-4ca2-b4c7-5d882eddf164
Hurghada: Sunset Desert Safari by Dune Buggy,4,"From
E£8,185
From
E£4,911
per group up to 2",https://www.getyourguide.com/hurghada-l403/hurghada-dune-buggy-desert-safari-t97683/?ranking_uuid=2000c7df-1907-4ca2-b4c7-5d882eddf164
Cairo: Giza Pyramids Tour with Quad Bike Safari & Camel Ride,4.7,"From
E£4,213
From
E£3,370
per person",https://www.getyourguide.com/cairo-l92/cairo-giza-pyramids-tour-with-quad-bike-safari-camel-ride-t349046/?ranking_uuid=2000c7df-1907-4ca2-b4c7-5d882eddf164
"Hurghada: ATV Safari, Camel Ride, and Bedouin Village Tour",4.2,"From
E£886
From
E£532
per person",https://www.getyourguide.com/hurghada-l403/hurghada-quad-bike-top-offer-t429915/?ranking_uuid=887a5423-e0fc-4bd7-9745-96a3533f80bd
"Hurghada: Morning Quad Bike Tour, Camel Ride and Transfer",4.4,"From
E£818
From
E£491
per person",https://www.getyourguide.com/hurghada-l403/hurghada-morning-quad-bike-tour-camel-ride-and-transfer-t429901/?ranking_uuid=887a5423-e0fc-4bd7-9745-96a3533f80bd
"Sharm El-Sheikh: Camel Riding, Stargazing, BBQ Dinner & Show",4.5,"From
E£2,344
From
E£1,172
per person",https://www.getyourguide.com/sharm-el-sheikh-l408/sharm-el-sheikh-camel-riding-stargazing-bbq-dinner-show-t437716/?ranking_uuid=887a5423-e0fc-4bd7-9745-96a3533f80bd
"Hurghada: Quad Bike, Buggy, Jeep Safari, Camel Ride & Dinner",4.7,"From
E£1,829
per person",https://www.getyourguide.com/sharm-el-sheikh-l408/hurghada-quad-bike-buggy-and-jeep-safari-with-dinner-and-t634459/?ranking_uuid=887a5423-e0fc-4bd7-9745-96a3533f80bd
camel ride with sunset and star watching,4.9,"From
E£2,401
per person",https://www.getyourguide.com/hurghada-l403/camel-ride-with-sunset-and-star-watching-t656186/?ranking_uuid=887a5423-e0fc-4bd7-9745-96a3533f80bd
Makadi Bay: BADU Luxury Bedouin Dinner Experience & Stargaze,5,"From
E£2,106
From
E£1,896
per person",https://www.getyourguide.com/hurghada-l403/makadi-bay-badu-luxury-bedouin-dinner-experience-stargaze-t924471/?ranking_uuid=887a5423-e0fc-4bd7-9745-96a3533f80bd
From Cairo: 3-Day Siwa Oasis Tour with Salt Lake Swim,5,"From
E£17,275
From
E£15,547
per person",https://www.getyourguide.com/cairo-l92/from-cairo-3-day-siwa-oasis-tour-with-salt-lake-swim-t847823/?ranking_uuid=887a5423-e0fc-4bd7-9745-96a3533f80bd
Quad Biking Tour in Sharm El Sheikh Desert,4.1,"From
E£948
per person",https://www.getyourguide.com/sharm-el-sheikh-l408/quad-biking-tour-in-sharm-el-sheikh-desert-t569383/?ranking_uuid=887a5423-e0fc-4bd7-9745-96a3533f80bd
From Hurghada: Makadi Bay Horse Riding Tour,4.6,"From
E£2,148
From
E£1,074
per person",https://www.getyourguide.com/makadi-bay-l4675/makadi-bay-horse-ride-tour-t517867/?ranking_uuid=887a5423-e0fc-4bd7-9745-96a3533f80bd
Cairo: Private Half-Day Pyramids Tour with Photographer,4.8,"From
E£3,173
per person",https://www.getyourguide.com/pyramids-of-giza-l4184/cairo-romantic-half-day-pyramids-tour-with-photographer-t324733/?ranking_uuid=887a5423-e0fc-4bd7-9745-96a3533f80bd
"Hurghada: ATV Quad Safari, Camel Ride & Bedouin Village Tour",4.3,"From
E£1,286
From
E£900
per person",https://www.getyourguide.com/hurghada-l403/hurghada-atv-quad-safari-camel-ride-bedouin-village-tour-t96546/?ranking_uuid=887a5423-e0fc-4bd7-9745-96a3533f80bd
Hurghada : ATV drive and visit SAND MOUNTAIN,4.9,"From
E£1,943
per person",https://www.getyourguide.com/hurghada-l403/hurghada-bedouin-village-and-camel-ride-quad-bike-tour-t634400/?ranking_uuid=887a5423-e0fc-4bd7-9745-96a3533f80bd
Hurghada : 1-Hour Dolphin Show at Dolphin World,4.4,"From
E£1,257
From
E£1,006
per person",https://www.getyourguide.com/hurghada-l403/hurghada-1-hour-dolphin-show-at-dolphin-world-t612422/?ranking_uuid=887a5423-e0fc-4bd7-9745-96a3533f80bd
Hurghada: Sea and Mountains Quad or Buggy Family Tour,4.2,"From
E£1,346
per person",https://www.getyourguide.com/hurghada-l403/hurghada-sunrise-or-sunset-quad-and-buggy-desert-tour-t361285/?ranking_uuid=887a5423-e0fc-4bd7-9745-96a3533f80bd
"Hurghada: Full-Day Quad & Camel Ride, Stargazing, & Dinner",4.2,"From
E£818
From
E£491
per person",https://www.getyourguide.com/hurghada-l403/quad-bike-safari-day-trip-to-sahara-park-hurghada-t29397/?ranking_uuid=887a5423-e0fc-4bd7-9745-96a3533f80bd
From Cairo: Bahariya Oasis and Black and White Desert Tour,4.4,"From
E£10,328
per person",https://www.getyourguide.com/cairo-l92/day-tour-of-bahariya-oasis-and-black-white-desert-t455820/?ranking_uuid=887a5423-e0fc-4bd7-9745-96a3533f80bd
"Hurghada: Safari Jeep , Camel Ride & BBQ Dinner",4.1,"From
E£1,422
From
E£1,166
per person",https://www.getyourguide.com/hurghada-l403/hurghada-safari-jeep-camel-ride-bbq-dinner-t605905/?ranking_uuid=4d317c28-c162-40ff-b494-235ea6f98845
Hurghada: 3 Hour Camel Riding with Bedouin vibe,4.9,"From
E£2,001
From
E£1,700
per person",https://www.getyourguide.com/hurghada-l403/hurghada-3-hour-camel-riding-with-bedouin-vibe-t654616/?ranking_uuid=4d317c28-c162-40ff-b494-235ea6f98845
"Hurghada: Quad, Jeep, Camel and Buggy Safari with BBQ Dinner",4.3,"From
E£1,715
From
E£1,200
per person",https://www.getyourguide.com/hurghada-l403/hurghada-quad-jeep-camel-and-buggy-safari-with-bbq-dinner-t22269/?ranking_uuid=4d317c28-c162-40ff-b494-235ea6f98845
Sharm El Sheikh: ATV Dunes & Waves Adventure with Lunch,4.5,"From
E£2,515
From
E£1,534
per person",https://www.getyourguide.com/sharm-el-sheikh-l408/sharm-el-sheikh-atv-dunes-waves-adventure-with-lunch-t575994/?ranking_uuid=4d317c28-c162-40ff-b494-235ea6f98845
Luxor: Luxor West Bank Quad Bike Adventure in the Desert,5,"From
E£3,476
per person",https://www.getyourguide.com/luxor-l109/luxor-quad-bike-safari-at-luxor-from-the-west-bank-t446187/?ranking_uuid=4d317c28-c162-40ff-b494-235ea6f98845
Cairo: Half Day Pyramids Tour by Camel or Horse Carriage,4.8,"From
E£2,120
per person",https://www.getyourguide.com/sphinx-l8476/cairo-half-day-pyramids-tour-by-camel-or-horse-carriage-t285412/?ranking_uuid=4d317c28-c162-40ff-b494-235ea6f98845
"Hurghada: Desert Quad, Bedouin Village, and Camel Ride Tour",4.4,"From
E£1,237
From
E£928
per person",https://www.getyourguide.com/hurghada-l403/hurghada-desert-quad-bedouin-village-and-camel-ride-tour-t456931/?ranking_uuid=4d317c28-c162-40ff-b494-235ea6f98845
From Hurghada: Red Sea Sunrise and Desert Horseback Riding,4.5,"From
E£1,159
From
E£579
per person",https://www.getyourguide.com/hurghada-l403/hurghada-morning-sea-desert-horse-riding-tour-t517896/?ranking_uuid=4d317c28-c162-40ff-b494-235ea6f98845
Cairo: Private Quad Bike Desert Tour with Pyramids & Sunset,4.2,"From
E£2,896
per person",https://www.getyourguide.com/cairo-l92/desert-safari-by-quad-bike-around-pyramids-enjoying-sunset-o-t443220/?ranking_uuid=4d317c28-c162-40ff-b494-235ea6f98845
"Cairo: Pyramids Camel Ride, Dinner and Sound & Light Show",4.2,"From
E£5,582
per person",https://www.getyourguide.com/cairo-l92/camel-ride-at-the-pyramids-dinner-with-sound-light-show-t448313/?ranking_uuid=4d317c28-c162-40ff-b494-235ea6f98845
Cairo: Camel Ride Around The Pyramids with Hotel Pickup,4.1,"From
E£2,046
From
E£1,330
per person",https://www.getyourguide.com/giza-l915/cairo-camel-ride-around-the-pyramids-with-hotel-pickup-t520699/?ranking_uuid=4d317c28-c162-40ff-b494-235ea6f98845
"Hurghada: Unique Bedouin Craft, Handmade and Star Watching",4.6,"From
E£2,286
From
E£1,829
per person",https://www.getyourguide.com/hurghada-l403/hurghada-unique-bedouin-craft-handmade-and-star-watching-t598778/?ranking_uuid=4d317c28-c162-40ff-b494-235ea6f98845
Marsa Alam: Sea and Desert Camel Riding Tour,4.5,"From
E£4,775
From
E£2,387
per person",https://www.getyourguide.com/marsa-alam-l422/marsa-alam-sea-and-desert-camel-riding-tour-t568860/?ranking_uuid=4d317c28-c162-40ff-b494-235ea6f98845
"Desert Sunset Quad Biking Safari, Dinner, Camel Ride",3.9,"From
E£1,474
per person",https://www.getyourguide.com/hurghada-l403/quad-trip-to-sahara-park-ride-camel-belly-dance-show-t44256/?ranking_uuid=4d317c28-c162-40ff-b494-235ea6f98845
"From Cairo: 3- Days El-Alamin, Siwa Oasis & Desert Safari",5,"From
E£33,128
per person",https://www.getyourguide.com/cairo-l92/copy-of-from-cairo-3-day-siwa-oasis-and-western-desert-private-trip-t586775/?ranking_uuid=4d317c28-c162-40ff-b494-235ea6f98845
Hurghada: Desert and Sea Horseback Riding Tour with Transfer,4.8,"From
E£2,633
per person",https://www.getyourguide.com/hurghada-l403/hurghada-two-hours-sun-sea-horse-riding-with-transfers-t551542/?ranking_uuid=4d317c28-c162-40ff-b494-235ea6f98845
Cairo: Bahariya Oasis and White Desert 3-Day Private Journey,4.4,"From
E£13,114
per person",https://www.getyourguide.com/cairo-l92/cairo-bahariya-oasis-and-white-desert-3-day-private-journey-t444204/?ranking_uuid=12817384-4a70-4f6a-9ea8-67e0e7f54e76
Cairo: Giza Pyramids Tour with Camel Ride and Tickets,4.5,"From
E£2,633
per person",https://www.getyourguide.com/cairo-l92/cairo-giza-pyramids-with-camel-ride-include-tickets-t462358/?ranking_uuid=12817384-4a70-4f6a-9ea8-67e0e7f54e76
From Hurghada: El Gouna Quad and MX Bike Safari Tour,4.4,"From
E£5,145
per person",https://www.getyourguide.com/hurghada-l403/from-hurghada-el-gouna-quad-and-mx-bike-tour-t302743/?ranking_uuid=12817384-4a70-4f6a-9ea8-67e0e7f54e76
"Hurghada: Safari Jeep, Buggy, Camel, Quad, Bedouin Dinner",4.3,"From
E£2,046
From
E£1,534
per person",https://www.getyourguide.com/hurghada-l403/hurghada-safari-jeep-buggy-camel-quad-bedouin-dinner-t540592/?ranking_uuid=12817384-4a70-4f6a-9ea8-67e0e7f54e76
Sharm El Sheikh Camel Riding Safari Tour,3.6,"From
E£1,422
per person",https://www.getyourguide.com/sharm-el-sheikh-l408/sharm-el-sheikh-camel-riding-safari-tour-t429881/?ranking_uuid=12817384-4a70-4f6a-9ea8-67e0e7f54e76
"Hurghada: 6-Hour Jeep Desert Safari, Dinner, and Show",4.3,"From
E£2,046
From
E£1,534
per person",https://www.getyourguide.com/hurghada-l403/4wd-desert-safari-bedouin-dinner-sahara-park-hurghada-t21131/?ranking_uuid=12817384-4a70-4f6a-9ea8-67e0e7f54e76
Cairo: Oriental Breakfast (Fatir)or Lunch in arabian village,4.6,"From
E£5,717
per person",https://www.getyourguide.com/cairo-l92/cairo-oriental-breakfast-fatiror-lunch-in-arabian-village-t767757/?ranking_uuid=12817384-4a70-4f6a-9ea8-67e0e7f54e76
El Gouna: Morning Quad Bike & Camel Safari,3.8,"From
E£1,841
From
E£1,381
per person",https://www.getyourguide.com/el-gouna-l1051/el-gouna-morning-quad-bike-safari-t512701/?ranking_uuid=12817384-4a70-4f6a-9ea8-67e0e7f54e76
"Hurghada: Private ATV Safari, Bedouin Village, & Camel Ride",4,"From
E£1,705
From
E£1,023
per person",https://www.getyourguide.com/hurghada-l403/hurghada-private-atv-safari-bedouin-village-camel-ride-t429956/?ranking_uuid=12817384-4a70-4f6a-9ea8-67e0e7f54e76
1-Hour Camel Ride At Giza Pyramids,4.5,"From
E£1,580
per person",https://www.getyourguide.com/giza-l915/1-hour-camel-ride-at-giza-pyramids-t600778/?ranking_uuid=12817384-4a70-4f6a-9ea8-67e0e7f54e76
Marsa Alam: 2-Hour Quad Bike Tour,4.4,"From
E£6,821
per person",https://www.getyourguide.com/marsa-alam-l422/marsa-alam-2-hour-quad-bike-tour-t832309/?ranking_uuid=12817384-4a70-4f6a-9ea8-67e0e7f54e76
Dahab Safari from Sharm El-Sheikh: Canyon Salama & Blue Hole,4.5,"From
E£3,686
per person",https://www.getyourguide.com/sharm-el-sheikh-l408/dahab-safari-from-sharm-el-sheikh-canyon-salama-blue-hole-t447708/?ranking_uuid=12817384-4a70-4f6a-9ea8-67e0e7f54e76
Hurghada: Sea and Mountains ATV Quad Bike Tour,4.6,"From
E£1,257
per person",https://www.getyourguide.com/hurghada-l403/hurghada-sea-and-mountains-atv-quad-bike-tour-t777523/?ranking_uuid=12817384-4a70-4f6a-9ea8-67e0e7f54e76
30 Minute Camel Ride At Giza Pyramids,3.5,"From
E£526
per person",https://www.getyourguide.com/giza-l915/30-minute-camel-ride-at-giza-pyramids-t600771/?ranking_uuid=12817384-4a70-4f6a-9ea8-67e0e7f54e76
"Discover Wadi Hitan, Egypts Prehistoric Wonder!",4,"From
E£13,167
per person",https://www.getyourguide.com/cairo-l92/discover-wadi-hitan-egypts-prehistoric-wonder-t856619/?ranking_uuid=12817384-4a70-4f6a-9ea8-67e0e7f54e76
Explore Fayoum!,4.9,"From
E£1,316
per person",https://www.getyourguide.com/cairo-l92/explore-fayoum-t856617/?ranking_uuid=12817384-4a70-4f6a-9ea8-67e0e7f54e76
3 Days 2 Nights Visit White Desert & Bahariya From Cairo,5,"From
E£9,558
per person",https://www.getyourguide.com/giza-l915/3-days-2-nights-visit-white-desert-bahariya-from-cairo-t599289/?ranking_uuid=2e2e65eb-9899-48f7-a8d9-f9ae8a7c6d14
"Cairo: Giza Pyramids, Egyptian Museum Day-Trip, Camel, Lunch",4.6,"From
E£18,580
per person",https://www.getyourguide.com/cairo-l92/cairo-giza-pyramids-egyptian-museum-day-trip-camel-lunch-t489559/?ranking_uuid=2e2e65eb-9899-48f7-a8d9-f9ae8a7c6d14
Bahariya Oasis Visit Black And White Desert From Cairo,4.8,"From
E£3,430
per person",https://www.getyourguide.com/cairo-l92/bahariya-oasis-visit-black-and-white-desert-from-airport-t638544/?ranking_uuid=2e2e65eb-9899-48f7-a8d9-f9ae8a7c6d14
Cairo: Siwa Oasis & Shali Fortress All inclusive 3 days Tour,4.6,"From
E£2,229
per person",https://www.getyourguide.com/cairo-l92/cairo-siwa-oasis-shali-fortress-all-inclusive-3-days-tour-t767749/?ranking_uuid=2e2e65eb-9899-48f7-a8d9-f9ae8a7c6d14
"All-inclusive private Trip Pyramids Sphinx, Camel, VIP Lunch",4.6,"From
E£1,580
per person",https://www.getyourguide.com/cairo-l92/all-inclusive-private-trip-pyramids-sphinx-camel-vip-lunch-t528973/?ranking_uuid=2e2e65eb-9899-48f7-a8d9-f9ae8a7c6d14
Hurghada: Quad Bike and Camel Ride with Dinner and Show,4.8,"From
E£5,319
per person",https://www.getyourguide.com/hurghada-l403/hurghada-quad-bike-and-camel-ride-with-dinner-and-show-t635215/?ranking_uuid=2e2e65eb-9899-48f7-a8d9-f9ae8a7c6d14
Cairo: Private Tour to Giza Pyramids with Camel Ride & Lunch,3.6,"From
E£1,023
From
E£665
per person",https://www.getyourguide.com/cairo-l92/cairo-private-half-day-to-the-giza-pyramids-t465100/?ranking_uuid=2e2e65eb-9899-48f7-a8d9-f9ae8a7c6d14
From Cairo: Giza Pyramids Tour by Camel,5,"From
E£44,030
per person",https://www.getyourguide.com/cairo-l92/from-cairo-giza-pyramids-tour-by-camel-t443246/?ranking_uuid=2e2e65eb-9899-48f7-a8d9-f9ae8a7c6d14
Giza: Pyramids at Sunset Guided Camel Tour,4.2,"From
E£3,739
per person",https://www.getyourguide.com/giza-l915/giza-pyramids-at-sunset-guided-camel-tour-t430035/?ranking_uuid=2e2e65eb-9899-48f7-a8d9-f9ae8a7c6d14
From Cairo: 5-Day Siwa Oasis Private Trip with Accommodation,4.3,"From
E£4,745
per person",https://www.getyourguide.com/cairo-l92/from-cairo-5-day-siwa-oasis-private-trip-with-accommodation-t455658/?ranking_uuid=2e2e65eb-9899-48f7-a8d9-f9ae8a7c6d14
Luxor: Quad Bike Private Safari on the Nile West Bank,4.7,"From
E£24,806
per person",https://www.getyourguide.com/luxor-l109/luxor-quad-bike-safari-at-luxor-from-east-bank-t445730/?ranking_uuid=2e2e65eb-9899-48f7-a8d9-f9ae8a7c6d14
Marsa Alam: Desert Stargazing Tour with Camel Ride & Dinner,5,"From
E£33,128
per person",https://www.getyourguide.com/marsa-alam-l422/marsa-alam-desert-star-watching-with-camel-dinner-t444061/?ranking_uuid=2e2e65eb-9899-48f7-a8d9-f9ae8a7c6d14
Cairo: 4-Day Private Safari Adventure To Bahariya Oasis !,4.5,"From
E£2,286
per person",https://www.getyourguide.com/cairo-l92/cairo-4-days-white-desert-and-bahariya-oasis-tour-t444270/?ranking_uuid=2e2e65eb-9899-48f7-a8d9-f9ae8a7c6d14
From Cairo: 3-Day Siwa Oasis and Western Desert Private Trip,4.6,"From
E£4,287
per person",https://www.getyourguide.com/cairo-l92/cairo-3-days-trip-to-siwa-oasis-and-western-desert-t444227/?ranking_uuid=2e2e65eb-9899-48f7-a8d9-f9ae8a7c6d14
Hurghada: Camel Ride & horse ride and Off-Road Jeep Tour,4,"From
E£1,159
From
E£695
per person",https://www.getyourguide.com/hurghada-l403/hurghada-camel-ride-horse-ride-and-off-road-jeep-tour-t635267/?ranking_uuid=2e2e65eb-9899-48f7-a8d9-f9ae8a7c6d14
Cairo: Pyramids Arabian Horse or Camel Ride with Bedouin Tea,4.5,"From
E£2,791
per person",https://www.getyourguide.com/giza-l915/cairo-arabian-horse-or-camel-ride-with-bedouin-tea-t686034/?ranking_uuid=2e2e65eb-9899-48f7-a8d9-f9ae8a7c6d14
"Hurghada: Sunrise VIP Quad Bike, Camel and Bedouin Breakfast",4.1,"From
E£7,373
per person",https://www.getyourguide.com/hurghada-l403/hurghada-sunrise-vip-quad-bike-camel-and-bedouin-breakfast-t568406/?ranking_uuid=1dc32735-8291-4051-8354-b4c86bffdc9a
From Cairo: Camel or Horse Ride Tour Around Giza Pyramids,4.4,"From
E£9,743
per person",https://www.getyourguide.com/giza-l915/from-cairo-giza-pyramids-tour-by-camel-or-horse-t443266/?ranking_uuid=1dc32735-8291-4051-8354-b4c86bffdc9a
Cairo: Giza Pyramids Camel Ride and Egyptian Museum Tour,2.4,"From
E£2,323
per person",https://www.getyourguide.com/cairo-l92/cairo-giza-pyramids-camel-ride-and-egyptian-museum-tour-t442816/?ranking_uuid=1dc32735-8291-4051-8354-b4c86bffdc9a
From Sharm: Dahab Day Trip with Desert Safari and Camel Ride,4.7,"From
E£13,167
per person",https://www.getyourguide.com/dahab-l884/from-sharm-dahab-day-trip-with-desert-safari-and-camel-ride-t360115/?ranking_uuid=1dc32735-8291-4051-8354-b4c86bffdc9a
Cairo: Sunset or Sunrise Camel Ride at The Giza Pyramids,4.3,"From
E£13,642
per person",https://www.getyourguide.com/cairo-l92/camel-ride-at-the-pyramids-during-sunset-or-sunrise-t455918/?ranking_uuid=1dc32735-8291-4051-8354-b4c86bffdc9a
1 Nights 2 Days at Fayoum from Cairo ( Jeep & Quad Bike ),4.4,"From
E£1,422
per person",https://www.getyourguide.com/fayoum-l1724/1-nights-2-days-at-fayoum-from-cairo-jeep-quad-bike--t661188/?ranking_uuid=1dc32735-8291-4051-8354-b4c86bffdc9a
From Cairo: Great Pyramid of Giza & Wadi El Rayan Oasis Tour,5,"From
E£17,327
per person",https://www.getyourguide.com/petropolis-l1831/from-cairo-great-pyramid-of-giza-wadi-el-rayan-oasis-tour-t890849/?ranking_uuid=1dc32735-8291-4051-8354-b4c86bffdc9a
"Morning Trip: Desert Safari Riding a Speed Quad Bike, Pickup",3.7,"From
E£2,046
From
E£1,534
per person",https://www.getyourguide.com/hurghada-l403/ride-quad-bike-in-the-sahara-t42967/?ranking_uuid=1dc32735-8291-4051-8354-b4c86bffdc9a
From Cairo : Overnight Camping Adventure in El-Fayoum Oasis,3,"From
E£2,858
per person",https://www.getyourguide.com/fayoum-l1724/from-cairo-overnight-camping-trip-to-el-fayoum-oasis-t586846/?ranking_uuid=1dc32735-8291-4051-8354-b4c86bffdc9a
"El Gouna: Jeep, Camel, Buggy, Safari to Sahara Park Hurghada",5,"From
E£18,118
per person",https://www.getyourguide.com/hurghada-l403/el-gouna-jeep-camel-buggy-safari-to-sahara-park-hurghada-t540244/?ranking_uuid=1dc32735-8291-4051-8354-b4c86bffdc9a
"Sharm to Dahab: Colored Canyon, Blue Hole, Qude Bike, Camels",4.5,"From
E£2,046
From
E£1,534
per person",https://www.getyourguide.com/dahab-l884/dahab-quad-biking-snorkelling-diving-and-camel-ride-t383239/?ranking_uuid=1dc32735-8291-4051-8354-b4c86bffdc9a
"Cairo: 2-Day White Desert, Bahariya Oasis & El-Fayoum Tour",4.2,"From
E£1,569
per person",https://www.getyourguide.com/cairo-l92/2-day-cairo-adventure-tours-t451086/?ranking_uuid=1dc32735-8291-4051-8354-b4c86bffdc9a
"Makadi Bay: Mega Tour Jeep, ATV, Buggy, Camel, Dinner & Show",4.2,"From
E£4,287
per person",https://www.getyourguide.com/hurghada-l403/makadi-bay-mega-tour-jeep-atv-buggy-camel-dinner-show-t540218/?ranking_uuid=1dc32735-8291-4051-8354-b4c86bffdc9a
"From Cairo & Giza: Pyramids, Camel Ride, & Museum Day Trip",5,"From
E£1,948
per person",https://www.getyourguide.com/cairo-l92/all-inclusive-trip-pyramids-sphinx-camel-riding-museum-t521725/?ranking_uuid=1dc32735-8291-4051-8354-b4c86bffdc9a
Desert Safari by Quad Bike Around Pyramids,5,"From
E£23,700
per person",https://www.getyourguide.com/cairo-l92/desert-safari-by-quad-bike-around-pyramids-t164376/?ranking_uuid=1dc32735-8291-4051-8354-b4c86bffdc9a
Hurghada: Guided Sunset Desert Safari Trip by Quad Bike,5,"From
E£5,717
per person",https://www.getyourguide.com/hurghada-l403/hurghada-sunset-desert-safari-trip-by-quad-bike-t447795/?ranking_uuid=f94dba35-de55-488b-b42b-db711045d4c3
2-Day Black & White Deserts Tour and Activities,4.6,"From
E£1,715
From
E£909
per person",https://www.getyourguide.com/cairo-l92/2-day-black-white-deserts-tour-and-activities-t670858/?ranking_uuid=f94dba35-de55-488b-b42b-db711045d4c3
ATV Quad Bike Ride At GIZA Pyramids & BBQ Dinner.,4.3,"From
E£12,278
From
E£9,208
per person",https://www.getyourguide.com/giza-l915/atv-quad-bike-ride-at-giza-pyramids-bbq-dinner-t686028/?ranking_uuid=f94dba35-de55-488b-b42b-db711045d4c3
"VIP Cairo Experience: Pyramids, ATV Adventure and Camel ride",4,"From
E£2,001
per person",https://www.getyourguide.com/cairo-l92/vip-cairo-experience-pyramids-atv-adventure-and-camel-ride-t686029/?ranking_uuid=f94dba35-de55-488b-b42b-db711045d4c3
"Hurghada: 4 Days Tour Horse, Camel, Spa, ATV, Jeep & Dolphin",4.3,"From
E£1,580
per person",https://www.getyourguide.com/makadi-bay-l4675/hurghada-4-days-tour-horse-camel-spa-atv-jeep-dolphin-t541097/?ranking_uuid=f94dba35-de55-488b-b42b-db711045d4c3
Sharm El Sheikh: Quad Biking trip with Authentic Bedouin Tea,4,"From
E£2,182
From
E£1,309
per person",https://www.getyourguide.com/sharm-el-sheikh-l408/sharm-el-sheikh-quad-biking-trip-with-authentic-bedouin-tea-t447037/?ranking_uuid=f94dba35-de55-488b-b42b-db711045d4c3
Desert Safari Around The Pyramids of Giza With Camel Riding,5,"From
E£3,423
per person",https://www.getyourguide.com/giza-governorate-l914/desert-safari-around-the-pyramids-of-giza-with-camel-riding-t596294/?ranking_uuid=f94dba35-de55-488b-b42b-db711045d4c3
"Makadi Bay: 2H Quad Bike, Camel, Stargazing, Dinner & Show",4.5,"From
E£2,264
per person",https://www.getyourguide.com/makadi-bay-l4675/makadi-bay-2h-quad-bike-camel-stargazing-dinner-show-t572893/?ranking_uuid=f94dba35-de55-488b-b42b-db711045d4c3
"Hurghada: Quad Bike Safari, Camel Horse Ride, Dinner & Shows",4.5,"From
E£2,264
per person",https://www.getyourguide.com/hurghada-l403/hurghada-atv-bike-camel-horse-ride-with-bbq-stargazing-t516030/?ranking_uuid=f94dba35-de55-488b-b42b-db711045d4c3
